Time (millisecond),Time (seconds),Time (minutes),Pitch (Hz)
0    ,0.00,0.00,46.25
161    ,0.16,0.00,49.52636719
227    ,0.23,0.00,46.95963542
360    ,0.36,0.01,53.55957031
427    ,0.43,0.01,53.55957031
496    ,0.50,0.01,56.2890625
627    ,0.63,0.01,57.7734375
696    ,0.70,0.01,57.7734375
763    ,0.76,0.01,54.89257813
896    ,0.90,0.01,307.96875
1096    ,1.10,0.02,291.328125
1161    ,1.16,0.02,301.5625
1227    ,1.23,0.02,156.25
1296    ,1.30,0.02,159.53125
1363    ,1.36,0.02,159.53125
1428    ,1.43,0.02,160.3710938
1496    ,1.50,0.02,162.34375
1696    ,1.70,0.03,87.65066964
1762    ,1.76,0.03,86.90011161
1896    ,1.90,0.03,74.90820313
1962    ,1.96,0.03,74.90820313
2027    ,2.03,0.03,87.32226563
2162    ,2.16,0.04,306.875
2227    ,2.23,0.04,306.875
2296    ,2.30,0.04,272.96875
2427    ,2.43,0.04,135.1866319
2495    ,2.50,0.04,138.4375
2562    ,2.56,0.04,138.4375
2627    ,2.63,0.04,136.09375
2696    ,2.70,0.04,139.765625
2896    ,2.90,0.05,134.0625
2962    ,2.96,0.05,144.3033854
3028    ,3.03,0.05,138.515625
3096    ,3.10,0.05,136.484375
3163    ,3.16,0.05,136.484375
3296    ,3.30,0.05,143.1184896
3496    ,3.50,0.06,56.36230469
3562    ,3.56,0.06,35.15625
3696    ,3.70,0.06,139.7488839
3760    ,3.76,0.06,139.7488839
3896    ,3.90,0.06,277.65625
4027    ,4.03,0.07,93.96484375
4095    ,4.10,0.07,93.96484375
4160    ,4.16,0.07,49.50195313
4227    ,4.23,0.07,52.53417969
4427    ,4.43,0.07,538.90625
4562    ,4.56,0.08,109.3684896
4761    ,4.76,0.08,93.75
4896    ,4.90,0.08,61.5234375
4961    ,4.96,0.08,61.5234375
5096    ,5.10,0.08,46.15722656
5160    ,5.16,0.09,49.140625
5362    ,5.36,0.09,146.40625
5496    ,5.50,0.09,142.5613839
5696    ,5.70,0.09,51.30371094
5762    ,5.76,0.10,55.49804688
5827    ,5.83,0.10,58.23242188
5896    ,5.90,0.10,58.23242188
6028    ,6.03,0.10,44.63867188
6096    ,6.10,0.10,33.88671875
6296    ,6.30,0.10,48.3203125
6361    ,6.36,0.11,47.23144531
6563    ,6.56,0.11,76.01283482
6696    ,6.70,0.11,125.9375
6896    ,6.90,0.11,271.171875
7028    ,7.03,0.12,266.328125
7096    ,7.10,0.12,266.328125
7228    ,7.23,0.12,489.765625
7361    ,7.36,0.12,52.25223214
7428    ,7.43,0.12,52.25223214
7561    ,7.56,0.13,63.00292969
7627    ,7.63,0.13,69.18457031
7696    ,7.70,0.13,67.59277344
7762    ,7.76,0.13,67.59277344
7827    ,7.83,0.13,68.19335938
7962    ,7.96,0.13,55.13671875
8028    ,8.03,0.13,55.13671875
8096    ,8.10,0.13,72.38769531
8162    ,8.16,0.14,69.98046875
8228    ,8.23,0.14,46.09863281
8428    ,8.43,0.14,53.828125
8496    ,8.50,0.14,42.90039063
8696    ,8.70,0.14,50.29296875
8762    ,8.76,0.15,68.80371094
8828    ,8.83,0.15,46.49902344
8896    ,8.90,0.15,50.36132813
8961    ,8.96,0.15,50.36132813
9028    ,9.03,0.15,41.47949219
9096    ,9.10,0.15,46.484375
9296    ,9.30,0.15,77.28027344
9362    ,9.36,0.16,79.48730469
9496    ,9.50,0.16,75.99609375
9563    ,9.56,0.16,75.99609375
9628    ,9.63,0.16,78.09082031
9704    ,9.70,0.16,93.07617188
9762    ,9.76,0.16,79.86816406
9827    ,9.83,0.16,79.57519531
9896    ,9.90,0.16,79.57519531
9960    ,9.96,0.17,81.06445313
10027    ,10.03,0.17,84.95605469
10096    ,10.10,0.17,84.28222656
10161    ,10.16,0.17,84.28222656
10227    ,10.23,0.17,86.88964844
10295    ,10.30,0.17,87.03125
10362    ,10.36,0.17,86.5234375
10427    ,10.43,0.17,85.69824219
10497    ,10.50,0.17,85.69824219
10563    ,10.56,0.18,89.38134766
10627    ,10.63,0.18,91.90917969
10696    ,10.70,0.18,93.14941406
10764    ,10.76,0.18,93.14941406
10828    ,10.83,0.18,71.76269531
10961    ,10.96,0.18,91.96777344
11028    ,11.03,0.18,79.64355469
11096    ,11.10,0.18,79.64355469
11161    ,11.16,0.19,98.75
11297    ,11.30,0.19,53.25613839
11363    ,11.36,0.19,53.25613839
11496    ,11.50,0.19,199.4791667
11627    ,11.63,0.19,54.69238281
11696    ,11.70,0.19,54.69238281
11828    ,11.83,0.20,86.94661458
11896    ,11.90,0.20,89.23828125
11960    ,11.96,0.20,97.58789063
12028    ,12.03,0.20,97.58789063
12163    ,12.16,0.20,292.109375
12363    ,12.36,0.21,90.54199219
12427    ,12.43,0.21,128.9787946
12563    ,12.56,0.21,128.1835938
12628    ,12.63,0.21,128.1835938
12764    ,12.76,0.21,63.13964844
12828    ,12.83,0.21,50.10986328
12897    ,12.90,0.21,50.10986328
13027    ,13.03,0.22,36.80664063
13162    ,13.16,0.22,206.8359375
13227    ,13.23,0.22,206.8359375
13364    ,13.36,0.22,257.4140625
13428    ,13.43,0.22,281.0026042
13628    ,13.63,0.23,38.53027344
13762    ,13.76,0.23,224.375
13828    ,13.83,0.23,224.375
13965    ,13.97,0.23,48.89160156
14027    ,14.03,0.23,32.21679688
14228    ,14.23,0.24,62.52441406
14296    ,14.30,0.24,58.66992188
14361    ,14.36,0.24,58.29882813
14428    ,14.43,0.24,58.29882813
14496    ,14.50,0.24,69.39941406
14562    ,14.56,0.24,72.15820313
14702    ,14.70,0.25,120.0651042
14762    ,14.76,0.25,120.0651042
14828    ,14.83,0.25,118.921875
14897    ,14.90,0.25,117.7441406
15096    ,15.10,0.25,144.53125
15162    ,15.16,0.25,145.4882813
15228    ,15.23,0.25,147.34375
15297    ,15.30,0.25,145.859375
15364    ,15.36,0.26,145.859375
15496    ,15.50,0.26,147.5976563
15562    ,15.56,0.26,151.09375
15627    ,15.63,0.26,151.09375
15697    ,15.70,0.26,156.5625
15762    ,15.76,0.26,157.109375
15828    ,15.83,0.26,78.91503906
16028    ,16.03,0.27,72.50976563
16162    ,16.16,0.27,34.52636719
16362    ,16.36,0.27,49.4921875
16496    ,16.50,0.27,168.90625
16562    ,16.56,0.28,168.90625
16696    ,16.70,0.28,59.00390625
16763    ,16.76,0.28,51.875
16964    ,16.96,0.28,58.31054688
17028    ,17.03,0.28,30.15625
17227    ,17.23,0.29,31.71386719
17296    ,17.30,0.29,32.67578125
17428    ,17.43,0.29,172.2395833
17496    ,17.50,0.29,172.2395833
17560    ,17.56,0.29,174.3619792
17697    ,17.70,0.29,35.49316406
17762    ,17.76,0.30,35.49316406
17828    ,17.83,0.30,33.69628906
17962    ,17.96,0.30,36.55761719
18028    ,18.03,0.30,37.63183594
18096    ,18.10,0.30,37.63183594
18228    ,18.23,0.30,51.63225446
18296    ,18.30,0.30,70.82519531
18362    ,18.36,0.31,70.82519531
18496    ,18.50,0.31,37.13378906
18628    ,18.63,0.31,67.70507813
18696    ,18.70,0.31,67.70507813
18762    ,18.76,0.31,70.3125
18828    ,18.83,0.31,83.53027344
18962    ,18.96,0.32,147.6432292
19028    ,19.03,0.32,147.6432292
19096    ,19.10,0.32,141.6927083
19162    ,19.16,0.32,83.65722656
19227    ,19.23,0.32,81.37207031
19296    ,19.30,0.32,81.37207031
19427    ,19.43,0.32,92.79785156
19496    ,19.50,0.32,65.45410156
19560    ,19.56,0.33,63.41308594
19627    ,19.63,0.33,63.41308594
19704    ,19.70,0.33,48.85714286
19761    ,19.76,0.33,63.28125
19828    ,19.83,0.33,48.3984375
19896    ,19.90,0.33,62.109375
19960    ,19.96,0.33,62.109375
20028    ,20.03,0.33,66.8046875
20096    ,20.10,0.33,63.05175781
20164    ,20.16,0.34,64.35546875
20228    ,20.23,0.34,64.35546875
20297    ,20.30,0.34,63.125
20362    ,20.36,0.34,45.23925781
20497    ,20.50,0.34,77.74739583
20562    ,20.56,0.34,77.74739583
20627    ,20.63,0.34,62.47558594
20697    ,20.70,0.34,84.85351563
20763    ,20.76,0.35,45.41015625
20828    ,20.83,0.35,45.41015625
20896    ,20.90,0.35,45.77636719
21028    ,21.03,0.35,77.52929688
21096    ,21.10,0.35,101.40625
21164    ,21.16,0.35,101.40625
21228    ,21.23,0.35,99.39941406
21296    ,21.30,0.35,90.46875
21362    ,21.36,0.36,88.87695313
21428    ,21.43,0.36,88.87695313
21564    ,21.56,0.36,33.90625
21696    ,21.70,0.36,84.02832031
21762    ,21.76,0.36,84.02832031
21828    ,21.83,0.36,76.23046875
21962    ,21.96,0.37,84.42382813
22028    ,22.03,0.37,84.42382813
22097    ,22.10,0.37,81.07910156
22162    ,22.16,0.37,72.51953125
22228    ,22.23,0.37,69.93164063
22296    ,22.30,0.37,67.41210938
22362    ,22.36,0.37,67.41210938
22428    ,22.43,0.37,68.27148438
22496    ,22.50,0.37,67.29003906
22562    ,22.56,0.38,67.43164063
22628    ,22.63,0.38,67.43164063
22696    ,22.70,0.38,63.52647569
22761    ,22.76,0.38,75.03417969
22828    ,22.83,0.38,78.08105469
22896    ,22.90,0.38,83.75325521
22962    ,22.96,0.38,83.75325521
23100    ,23.10,0.39,52.12803819
23228    ,23.23,0.39,85.59375
23295    ,23.30,0.39,85.59375
23362    ,23.36,0.39,77.03125
23428    ,23.43,0.39,76.04492188
23496    ,23.50,0.39,55.41015625
23562    ,23.56,0.39,55.41015625
23696    ,23.70,0.39,52.52685547
23761    ,23.76,0.40,54.29199219
23828    ,23.83,0.40,54.62402344
23897    ,23.90,0.40,54.62402344
23963    ,23.96,0.40,55.73242188
24096    ,24.10,0.40,53.984375
24162    ,24.16,0.40,53.984375
24296    ,24.30,0.40,254.921875
24362    ,24.36,0.41,128.1966146
24428    ,24.43,0.41,72.31919643
24497    ,24.50,0.41,72.31919643
24565    ,24.57,0.41,85.05859375
24628    ,24.63,0.41,46.875
24701    ,24.70,0.41,47.07519531
24896    ,24.90,0.41,119.140625
24961    ,24.96,0.42,125.9804688
25165    ,25.17,0.42,60.08333333
25228    ,25.23,0.42,46.26464844
25364    ,25.36,0.42,73.74511719
25428    ,25.43,0.42,73.74511719
25496    ,25.50,0.42,71.57714844
25564    ,25.56,0.43,87.03125
25628    ,25.63,0.43,77.42675781
25696    ,25.70,0.43,77.42675781
25763    ,25.76,0.43,46.17885045
25896    ,25.90,0.43,93.171875
25962    ,25.96,0.43,115.28125
26028    ,26.03,0.43,115.28125
26165    ,26.17,0.44,77.87109375
26228    ,26.23,0.44,80.69824219
26296    ,26.30,0.44,80.69824219
26362    ,26.36,0.44,78.28125
26428    ,26.43,0.44,77.03125
26496    ,26.50,0.44,48.10058594
26562    ,26.56,0.44,48.95507813
26628    ,26.63,0.44,48.95507813
26764    ,26.76,0.45,61.34114583
26828    ,26.83,0.45,85.83496094
26897    ,26.90,0.45,70.73242188
26963    ,26.96,0.45,70.73242188
27028    ,27.03,0.45,56.08398438
27096    ,27.10,0.45,55.46875
27162    ,27.16,0.45,58.46191406
27228    ,27.23,0.45,58.46191406
27296    ,27.30,0.45,58.24707031
27428    ,27.43,0.46,60.69401042
27496    ,27.50,0.46,84.14620536
27561    ,27.56,0.46,84.14620536
27697    ,27.70,0.46,247.03125
27761    ,27.76,0.46,243.4375
27828    ,27.83,0.46,243.4375
27964    ,27.96,0.47,301.171875
28096    ,28.10,0.47,78.21428571
28162    ,28.16,0.47,78.21428571
28228    ,28.23,0.47,113.9107143
28362    ,28.36,0.47,35.3125
28428    ,28.43,0.47,35.3125
28564    ,28.56,0.48,89.91443452
28628    ,28.63,0.48,63.21742467
28695    ,28.70,0.48,60.88378906
28762    ,28.76,0.48,60.88378906
28828    ,28.83,0.48,60.45410156
28897    ,28.90,0.48,60.16071429
28963    ,28.96,0.48,58.59375
29028    ,29.03,0.48,61.54296875
29096    ,29.10,0.48,61.54296875
29164    ,29.16,0.49,61.26953125
29228    ,29.23,0.49,84.67522321
29296    ,29.30,0.49,57.64648438
29362    ,29.36,0.49,57.64648438
29496    ,29.50,0.49,118.671875
29564    ,29.56,0.49,75.171875
29628    ,29.63,0.49,52.57589286
29701    ,29.70,0.50,52.57589286
29828    ,29.83,0.50,131.1770833
30028    ,30.03,0.50,60.6796875
30095    ,30.10,0.50,57.19726563
30164    ,30.16,0.50,56.84082031
30361    ,30.36,0.51,55.72753906
30428    ,30.43,0.51,52.08496094
30628    ,30.63,0.51,126.3964844
30762    ,30.76,0.51,59.27246094
30828    ,30.83,0.51,59.28214518
30895    ,30.90,0.51,59.28214518
31028    ,31.03,0.52,59.10644531
31096    ,31.10,0.52,56.015625
31160    ,31.16,0.52,56.015625
31227    ,31.23,0.52,68.50260417
31295    ,31.30,0.52,54.97558594
31361    ,31.36,0.52,57.23177083
31428    ,31.43,0.52,47.890625
31495    ,31.50,0.52,47.890625
31560    ,31.56,0.53,54.76074219
31628    ,31.63,0.53,57.59277344
31761    ,31.76,0.53,86.91964286
31828    ,31.83,0.53,86.91964286
31895    ,31.90,0.53,123.1336806
32028    ,32.03,0.53,58.0859375
32095    ,32.10,0.53,58.0859375
32160    ,32.16,0.54,56.12304688
32295    ,32.30,0.54,43.43331473
32495    ,32.50,0.54,118.5185547
32628    ,32.63,0.54,72.53515625
32695    ,32.70,0.54,72.53515625
32828    ,32.83,0.55,36.61132813
32895    ,32.90,0.55,37.45605469
33095    ,33.10,0.55,54.52148438
33160    ,33.16,0.55,56.04980469
33228    ,33.23,0.55,65.09821429
33428    ,33.43,0.56,104.2760417
33495    ,33.50,0.56,72.69977679
33561    ,33.56,0.56,44.98883929
33628    ,33.63,0.56,44.98883929
33696    ,33.70,0.56,38.828125
33761    ,33.76,0.56,55.72265625
33828    ,33.83,0.56,55.54427083
34027    ,34.03,0.57,55.61852059
34162    ,34.16,0.57,141.0107422
34228    ,34.23,0.57,141.0107422
34300    ,34.30,0.57,198.9583333
34428    ,34.43,0.57,55.09765625
34495    ,34.50,0.57,61.97753906
34560    ,34.56,0.58,61.97753906
34627    ,34.63,0.58,56.68554688
34762    ,34.76,0.58,54.47098214
34828    ,34.83,0.58,54.47098214
34960    ,34.96,0.58,91.16753472
35096    ,35.10,0.58,544.609375
35161    ,35.16,0.59,544.609375
35228    ,35.23,0.59,382.421875
35364    ,35.36,0.59,161.311849
35428    ,35.43,0.59,161.311849
35563    ,35.56,0.59,168.6621094
35627    ,35.63,0.59,185.7226563
35827    ,35.83,0.60,54.96582031
35895    ,35.90,0.60,55.45898438
36028    ,36.03,0.60,325.46875
36096    ,36.10,0.60,325.46875
36161    ,36.16,0.60,374.84375
36296    ,36.30,0.60,161.40625
36362    ,36.36,0.61,161.40625
36501    ,36.50,0.61,53.2421875
36561    ,36.56,0.61,53.55224609
36764    ,36.76,0.61,178.8671875
36828    ,36.83,0.61,266.875
36895    ,36.90,0.61,179.7526042
36963    ,36.96,0.62,179.7526042
37096    ,37.10,0.62,47.74902344
37161    ,37.16,0.62,46.57226563
37228    ,37.23,0.62,48.85253906
37296    ,37.30,0.62,48.85253906
37360    ,37.36,0.62,38.20870536
37496    ,37.50,0.62,223.1575521
37561    ,37.56,0.63,124.4479167
37628    ,37.63,0.63,124.4479167
37696    ,37.70,0.63,100.0967262
37760    ,37.76,0.63,58.84765625
37963    ,37.96,0.63,103.9765625
38028    ,38.03,0.63,52.83147321
38095    ,38.10,0.63,35.78125
38295    ,38.30,0.64,52.61132813
38361    ,38.36,0.64,49.74121094
38427    ,38.43,0.64,47.39257813
38495    ,38.50,0.64,47.39257813
38628    ,38.63,0.64,51.6796875
38695    ,38.70,0.64,50.14160156
38895    ,38.90,0.65,634.53125
39028    ,39.03,0.65,145.625
39095    ,39.10,0.65,145.625
39228    ,39.23,0.65,37.14146205
39295    ,39.30,0.65,50.24902344
39495    ,39.50,0.66,625.3125
39628    ,39.63,0.66,82.21912202
39696    ,39.70,0.66,61.23535156
39761    ,39.76,0.66,61.23535156
39828    ,39.83,0.66,51.67550223
39961    ,39.96,0.67,91.11328125
40028    ,40.03,0.67,91.11328125
40161    ,40.16,0.67,58.19824219
40228    ,40.23,0.67,56.55273438
40428    ,40.43,0.67,43.95996094
40561    ,40.56,0.68,35.74707031
40628    ,40.63,0.68,35.74707031
40695    ,40.70,0.68,36.66015625
40828    ,40.83,0.68,56.796875
40895    ,40.90,0.68,49.90792411
40961    ,40.96,0.68,49.90792411
41028    ,41.03,0.68,43.11035156
41095    ,41.10,0.68,61.74316406
41161    ,41.16,0.69,49.73144531
41228    ,41.23,0.69,49.73144531
41295    ,41.30,0.69,49.74609375
41361    ,41.36,0.69,50.625
41428    ,41.43,0.69,38.14453125
41495    ,41.50,0.69,49.82421875
41561    ,41.56,0.69,49.82421875
41628    ,41.63,0.69,53.75
41696    ,41.70,0.69,51.875
41828    ,41.83,0.70,43.59863281
41895    ,41.90,0.70,43.59863281
42028    ,42.03,0.70,52.36816406
42095    ,42.10,0.70,51.09863281
42161    ,42.16,0.70,51.09863281
42227    ,42.23,0.70,50.93261719
42295    ,42.30,0.70,50.98144531
42428    ,42.43,0.71,70.34667969
42495    ,42.50,0.71,70.34667969
42628    ,42.63,0.71,48.45214844
42828    ,42.83,0.71,50.76660156
42895    ,42.90,0.71,49.98535156
43028    ,43.03,0.72,49.30175781
43095    ,43.10,0.72,49.30175781
43161    ,43.16,0.72,47.05566406
43228    ,43.23,0.72,36.31835938
43428    ,43.43,0.72,110.46875
43561    ,43.56,0.73,40.15625
43628    ,43.63,0.73,50.55664063
43695    ,43.70,0.73,50.55664063
43828    ,43.83,0.73,52.96386719
44028    ,44.03,0.73,147.1875
44161    ,44.16,0.74,289.53125
44228    ,44.23,0.74,256.71875
44295    ,44.30,0.74,256.71875
44428    ,44.43,0.74,37.01660156
44494    ,44.49,0.74,51.875
44696    ,44.70,0.74,37.47070313
44828    ,44.83,0.75,966.328125
44895    ,44.90,0.75,966.328125
45028    ,45.03,0.75,49.55078125
45095    ,45.10,0.75,51.77246094
45161    ,45.16,0.75,51.45996094
45228    ,45.23,0.75,51.45996094
45360    ,45.36,0.76,33.19335938
45561    ,45.56,0.76,76.65039063
45695    ,45.70,0.76,113.2981771
45895    ,45.90,0.76,371.875
46028    ,46.03,0.77,513.0651042
46228    ,46.23,0.77,55.36132813
46361    ,46.36,0.77,32.58300781
46428    ,46.43,0.77,32.58300781
46496    ,46.50,0.77,46.875
46561    ,46.56,0.78,30.15625
46628    ,46.63,0.78,33.02734375
46828    ,46.83,0.78,36.80664063
46895    ,46.90,0.78,46.875
47095    ,47.10,0.78,246.328125
47228    ,47.23,0.79,246.171875
47427    ,47.43,0.79,518.046875
47495    ,47.50,0.79,344.84375
47695    ,47.70,0.79,48.79882813
47761    ,47.76,0.80,52.9296875
47828    ,47.83,0.80,33.95019531
47895    ,47.90,0.80,30.86425781
47961    ,47.96,0.80,30.86425781
48028    ,48.03,0.80,0
48161    ,48.16,0.80,147.1875
48361    ,48.36,0.81,42.72949219
48496    ,48.50,0.81,50.29785156
48561    ,48.56,0.81,50.29785156
48628    ,48.63,0.81,34.60449219
48760    ,48.76,0.81,51.49902344
48961    ,48.96,0.82,50.15136719
49028    ,49.03,0.82,58.59375
49095    ,49.10,0.82,36.70410156
49161    ,49.16,0.82,36.70410156
49295    ,49.30,0.82,56.77246094
49361    ,49.36,0.82,46.31835938
49428    ,49.43,0.82,32.37304688
49495    ,49.50,0.82,32.37304688
49561    ,49.56,0.83,40.69824219
49695    ,49.70,0.83,73.30078125
49761    ,49.76,0.83,73.30078125
49828    ,49.83,0.83,50.98632813
49961    ,49.96,0.83,35.8984375
50161    ,50.16,0.84,97.3828125
50228    ,50.23,0.84,70.56152344
50295    ,50.30,0.84,54.40917969
50361    ,50.36,0.84,32.40234375
50428    ,50.43,0.84,32.40234375
50561    ,50.56,0.84,53.93554688
50628    ,50.63,0.84,43.01757813
50695    ,50.70,0.84,43.01757813
50760    ,50.76,0.85,0
50895    ,50.90,0.85,49.86816406
51095    ,51.10,0.85,69.0625
51161    ,51.16,0.85,52.59277344
51228    ,51.23,0.85,47.65625
51295    ,51.30,0.85,47.65625
51361    ,51.36,0.86,49.43847656
51427    ,51.43,0.86,56.55273438
51561    ,51.56,0.86,66.41113281
51628    ,51.63,0.86,66.41113281
51695    ,51.70,0.86,47.45117188
51761    ,51.76,0.86,58.60351563
51828    ,51.83,0.86,40.36132813
52028    ,52.03,0.87,35.15625
52095    ,52.10,0.87,47.95898438
52161    ,52.16,0.87,37.19238281
52228    ,52.23,0.87,37.19238281
52361    ,52.36,0.87,31.90429688
52495    ,52.50,0.87,59.84375
52561    ,52.56,0.88,59.84375
52628    ,52.63,0.88,50.17089844
52761    ,52.76,0.88,45.76660156
52828    ,52.83,0.88,45.76660156
52961    ,52.96,0.88,332.109375
53095    ,53.10,0.88,30.15625
53161    ,53.16,0.89,30.15625
53295    ,53.30,0.89,55.88378906
53361    ,53.36,0.89,59.29199219
53427    ,53.43,0.89,59.29199219
53494    ,53.49,0.89,52.88085938
53560    ,53.56,0.89,31.09375
53628    ,53.63,0.89,32.35839844
53694    ,53.69,0.89,33.25195313
53761    ,53.76,0.90,33.25195313
53894    ,53.89,0.90,52.32421875
53961    ,53.96,0.90,0
54161    ,54.16,0.90,60.71289063
54228    ,54.23,0.90,33.90136719
54428    ,54.43,0.91,306.953125
54561    ,54.56,0.91,248.28125
54761    ,54.76,0.91,428.75
54895    ,54.90,0.91,60.30761719
54961    ,54.96,0.92,60.30761719
55027    ,55.03,0.92,70.3125
55095    ,55.10,0.92,74.19921875
55161    ,55.16,0.92,37.78320313
55361    ,55.36,0.92,39.18945313
55495    ,55.50,0.92,436.71875
55561    ,55.56,0.93,436.71875
55695    ,55.70,0.93,31.57226563
55828    ,55.83,0.93,46.875
55895    ,55.90,0.93,46.875
56028    ,56.03,0.93,36.20117188
56095    ,56.10,0.93,53.9453125
56161    ,56.16,0.94,53.9453125
56228    ,56.23,0.94,35.78613281
56360    ,56.36,0.94,80.47851563
56428    ,56.43,0.94,57.68554688
56495    ,56.50,0.94,57.68554688
56561    ,56.56,0.94,44.08203125
56695    ,56.70,0.94,30.12207031
56761    ,56.76,0.95,36.11816406
56828    ,56.83,0.95,36.11816406
56895    ,56.90,0.95,32.64160156
57028    ,57.03,0.95,147.34375
57095    ,57.10,0.95,147.34375
57228    ,57.23,0.95,136.9921875
57361    ,57.36,0.96,916.640625
57428    ,57.43,0.96,916.640625
57561    ,57.56,0.96,57.109375
57628    ,57.63,0.96,68.96972656
57696    ,57.70,0.96,68.96972656
57761    ,57.76,0.96,52.71972656
57828    ,57.83,0.96,33.53515625
57961    ,57.96,0.97,33.09082031
58028    ,58.03,0.97,33.09082031
58161    ,58.16,0.97,90.41015625
58228    ,58.23,0.97,55.16113281
58295    ,58.30,0.97,37.61230469
58361    ,58.36,0.97,37.61230469
58495    ,58.50,0.97,60.60058594
58695    ,58.70,0.98,47.51953125
58760    ,58.76,0.98,44.81933594
58828    ,58.83,0.98,45.85449219
59028    ,59.03,0.98,55.05859375
59095    ,59.10,0.98,58.38378906
59161    ,59.16,0.99,47.1875
59228    ,59.23,0.99,47.1875
59361    ,59.36,0.99,59.75585938
59428    ,59.43,0.99,56.35253906
59628    ,59.63,0.99,2003.90625
59761    ,59.76,1.00,393.4973958
59828    ,59.83,1.00,393.4973958
59961    ,59.96,1.00,145.78125
60095    ,60.10,1.00,68.29101563
60161    ,60.16,1.00,68.29101563
60295    ,60.30,1.00,49.83886719
60360    ,60.36,1.01,45.44921875
60427    ,60.43,1.01,45.44921875
60495    ,60.50,1.01,38.60351563
60561    ,60.56,1.01,55.63476563
60628    ,60.63,1.01,53.59375
60695    ,60.70,1.01,51.9921875
60761    ,60.76,1.01,51.9921875
60828    ,60.83,1.01,58.33007813
60895    ,60.90,1.01,48.33496094
60961    ,60.96,1.02,54.75097656
61161    ,61.16,1.02,53.30566406
61228    ,61.23,1.02,51.98730469
61295    ,61.30,1.02,65.47363281
61361    ,61.36,1.02,65.47363281
61495    ,61.50,1.02,30.71777344
61628    ,61.63,1.03,52.47558594
61696    ,61.70,1.03,52.47558594
61828    ,61.83,1.03,292.34375
62028    ,62.03,1.03,60.47851563
62096    ,62.10,1.03,57.88574219
62161    ,62.16,1.04,55.90820313
62228    ,62.23,1.04,57.28027344
62295    ,62.30,1.04,57.28027344
62428    ,62.43,1.04,56.11328125
62495    ,62.50,1.04,57.13867188
62561    ,62.56,1.04,0
62628    ,62.63,1.04,0
62761    ,62.76,1.05,56.89453125
62828    ,62.83,1.05,46.875
62895    ,62.90,1.05,46.875
62961    ,62.96,1.05,52.37792969
63028    ,63.03,1.05,44.11621094
63095    ,63.10,1.05,49.90722656
63161    ,63.16,1.05,49.90722656
63228    ,63.23,1.05,51.875
63295    ,63.30,1.05,61.15234375
63361    ,63.36,1.06,48.26660156
63428    ,63.43,1.06,50.88378906
63495    ,63.50,1.06,50.88378906
63628    ,63.63,1.06,50.05371094
63761    ,63.76,1.06,51.61621094
63828    ,63.83,1.06,51.61621094
63961    ,63.96,1.07,125.0032552
64161    ,64.16,1.07,52.91015625
64228    ,64.23,1.07,51.51855469
64295    ,64.30,1.07,50.93261719
64361    ,64.36,1.07,53.58398438
64428    ,64.43,1.07,53.58398438
64495    ,64.50,1.07,57.54394531
64561    ,64.56,1.08,46.66992188
64628    ,64.63,1.08,40.41503906
64695    ,64.70,1.08,40.41503906
64761    ,64.76,1.08,35.15625
64895    ,64.90,1.08,245.859375
65095    ,65.10,1.08,47.31298828
65228    ,65.23,1.09,57.69042969
65295    ,65.30,1.09,53.52539063
65361    ,65.36,1.09,53.52539063
65428    ,65.43,1.09,58.59375
65495    ,65.50,1.09,55.40527344
65560    ,65.56,1.09,36.02539063
65628    ,65.63,1.09,36.02539063
65695    ,65.70,1.09,31.85546875
65828    ,65.83,1.10,58.57421875
65895    ,65.90,1.10,32.60742188
65961    ,65.96,1.10,32.60742188
66095    ,66.10,1.10,36.92871094
66161    ,66.16,1.10,48.76464844
66228    ,66.23,1.10,48.76464844
66295    ,66.30,1.10,58.59375
66361    ,66.36,1.11,51.875
66428    ,66.43,1.11,29.54589844
66628    ,66.63,1.11,48.88671875
66695    ,66.70,1.11,55.21484375
66761    ,66.76,1.11,50.25878906
66828    ,66.83,1.11,50.25878906
66895    ,66.90,1.11,49.39941406
66961    ,66.96,1.12,68.74511719
67028    ,67.03,1.12,49.27734375
67095    ,67.10,1.12,56.37695313
67161    ,67.16,1.12,56.37695313
67228    ,67.23,1.12,49.1796875
67361    ,67.36,1.12,57.19238281
67428    ,67.43,1.12,58.71582031
67495    ,67.50,1.12,58.71582031
67561    ,67.56,1.13,36.18652344
67628    ,67.63,1.13,52.41699219
67695    ,67.70,1.13,56.73339844
67761    ,67.76,1.13,56.73339844
67895    ,67.90,1.13,73.75976563
67961    ,67.96,1.13,38.10058594
68161    ,68.16,1.14,77.03125
68228    ,68.23,1.14,79.03808594
68295    ,68.30,1.14,73.69140625
68361    ,68.36,1.14,73.69140625
68428    ,68.43,1.14,72.48535156
68495    ,68.50,1.14,72.265625
68561    ,68.56,1.14,71.08398438
68628    ,68.63,1.14,52.5
68695    ,68.70,1.14,52.5
68761    ,68.76,1.15,70.3125
68828    ,68.83,1.15,49.20898438
68895    ,68.90,1.15,51.24023438
68961    ,68.96,1.15,51.24023438
69028    ,69.03,1.15,59.68261719
69097    ,69.10,1.15,47.48095703
69161    ,69.16,1.15,59.97070313
69228    ,69.23,1.15,49.10644531
69295    ,69.30,1.15,49.10644531
69427    ,69.43,1.16,56.70898438
69495    ,69.50,1.16,54.27246094
69561    ,69.56,1.16,59.95605469
69628    ,69.63,1.16,59.95605469
69695    ,69.70,1.16,49.33105469
69761    ,69.76,1.16,40.68847656
69828    ,69.83,1.16,39.42382813
69895    ,69.90,1.16,39.42382813
70028    ,70.03,1.17,40.15625
70095    ,70.10,1.17,41.875
70161    ,70.16,1.17,36.28417969
70228    ,70.23,1.17,36.28417969
70361    ,70.36,1.17,48.49609375
70428    ,70.43,1.17,69.51660156
70495    ,70.50,1.17,69.51660156
70561    ,70.56,1.18,56.35253906
70628    ,70.63,1.18,46.33789063
70695    ,70.70,1.18,68.74511719
70761    ,70.76,1.18,73.12011719
70828    ,70.83,1.18,73.12011719
70895    ,70.90,1.18,50.8984375
70961    ,70.96,1.18,52.12890625
71027    ,71.03,1.18,51.31347656
71095    ,71.10,1.18,47.93457031
71161    ,71.16,1.19,47.93457031
71228    ,71.23,1.19,46.94824219
71361    ,71.36,1.19,49.91699219
71427    ,71.43,1.19,49.91699219
71495    ,71.50,1.19,48.25683594
71561    ,71.56,1.19,51.72363281
71628    ,71.63,1.19,51.875
71696    ,71.70,1.19,57.421875
71761    ,71.76,1.20,57.421875
71828    ,71.83,1.20,61.49902344
71895    ,71.90,1.20,34.45800781
71961    ,71.96,1.20,31.31347656
72028    ,72.03,1.20,31.31347656
72161    ,72.16,1.20,63.27148438
72228    ,72.23,1.20,58.82700893
72295    ,72.30,1.20,44.05761719
72361    ,72.36,1.21,44.05761719
72428    ,72.43,1.21,48.95019531
72495    ,72.50,1.21,61.64899554
72561    ,72.56,1.21,37.42675781
72628    ,72.63,1.21,37.42675781
72761    ,72.76,1.21,70.79101563
72828    ,72.83,1.21,73.00130208
72895    ,72.90,1.21,41.07421875
72961    ,72.96,1.22,41.07421875
73028    ,73.03,1.22,40.5078125
73095    ,73.10,1.22,43.55957031
73161    ,73.16,1.22,43.06640625
73228    ,73.23,1.22,43.22753906
73295    ,73.30,1.22,43.22753906
73361    ,73.36,1.22,42.28027344
73428    ,73.43,1.22,47.03613281
73628    ,73.63,1.23,292.8125
73695    ,73.70,1.23,292.890625
73761    ,73.76,1.23,0
73961    ,73.96,1.23,46.58691406
74095    ,74.10,1.23,43.15429688
74161    ,74.16,1.24,43.15429688
74296    ,74.30,1.24,53.59375
74428    ,74.43,1.24,85.33691406
74496    ,74.50,1.24,85.33691406
74628    ,74.63,1.24,45.60546875
74695    ,74.70,1.24,45.0390625
74761    ,74.76,1.25,45.0390625
74828    ,74.83,1.25,42.83691406
74896    ,74.90,1.25,48.0859375
75028    ,75.03,1.25,43.49609375
75096    ,75.10,1.25,43.49609375
75161    ,75.16,1.25,43.62304688
75228    ,75.23,1.25,46.99707031
75296    ,75.30,1.25,45.18554688
75361    ,75.36,1.26,45.18554688
75428    ,75.43,1.26,50.97167969
75496    ,75.50,1.26,49.09179688
75561    ,75.56,1.26,56.86523438
75761    ,75.76,1.26,65.3125
75896    ,75.90,1.26,46.74804688
75961    ,75.96,1.27,36.19140625
76028    ,76.03,1.27,36.19140625
76096    ,76.10,1.27,50.703125
76161    ,76.16,1.27,72.97265625
76361    ,76.36,1.27,30.81054688
76494    ,76.49,1.27,466.640625
76561    ,76.56,1.28,481.71875
76628    ,76.63,1.28,481.71875
76760    ,76.76,1.28,248.7109375
76961    ,76.96,1.28,55.98632813
77028    ,77.03,1.28,57.48046875
77095    ,77.10,1.28,54.04785156
77161    ,77.16,1.29,56.95800781
77228    ,77.23,1.29,56.95800781
77361    ,77.36,1.29,55.8984375
77428    ,77.43,1.29,49.67773438
77628    ,77.63,1.29,65.34667969
77761    ,77.76,1.30,69.78027344
77828    ,77.83,1.30,69.78027344
77895    ,77.90,1.30,57.2265625
78028    ,78.03,1.30,62.93457031
78228    ,78.23,1.30,58.62792969
78295    ,78.30,1.30,0
78497    ,78.50,1.31,36.00097656
78628    ,78.63,1.31,54.84375
78695    ,78.70,1.31,49.09667969
78761    ,78.76,1.31,49.09667969
78896    ,78.90,1.31,42.99804688
78961    ,78.96,1.32,58.77441406
79028    ,79.03,1.32,58.77441406
79095    ,79.10,1.32,61.07421875
79161    ,79.16,1.32,32.68066406
79228    ,79.23,1.32,35.9375
79296    ,79.30,1.32,46.07421875
79361    ,79.36,1.32,46.07421875
79495    ,79.50,1.32,82.03125
79561    ,79.56,1.33,63.59375
79628    ,79.63,1.33,63.59375
79696    ,79.70,1.33,52.53417969
79760    ,79.76,1.33,61.88476563
79895    ,79.90,1.33,51.21582031
79961    ,79.96,1.33,51.21582031
80028    ,80.03,1.33,54.86816406
80095    ,80.10,1.33,35.7421875
80228    ,80.23,1.34,0
80295    ,80.30,1.34,0
80428    ,80.43,1.34,33.01757813
80496    ,80.50,1.34,31.64550781
80561    ,80.56,1.34,31.64550781
80628    ,80.63,1.34,30.60546875
80695    ,80.70,1.34,33.52539063
80761    ,80.76,1.35,36.18652344
80828    ,80.83,1.35,49.59472656
80895    ,80.90,1.35,49.59472656
80961    ,80.96,1.35,53.81835938
81028    ,81.03,1.35,53.03222656
81095    ,81.10,1.35,54.54101563
81161    ,81.16,1.35,54.54101563
81228    ,81.23,1.35,49.65332031
81295    ,81.30,1.35,49.453125
81361    ,81.36,1.36,68.50585938
81428    ,81.43,1.36,60.39550781
81495    ,81.50,1.36,60.39550781
81628    ,81.63,1.36,163.828125
81828    ,81.83,1.36,53.0859375
81961    ,81.96,1.37,71.00585938
82028    ,82.03,1.37,0
82096    ,82.10,1.37,0
82228    ,82.23,1.37,31.34765625
82296    ,82.30,1.37,34.27734375
82497    ,82.50,1.37,104.0625
82628    ,82.63,1.38,33.19824219
82696    ,82.70,1.38,33.19824219
82828    ,82.83,1.38,31.40625
82896    ,82.90,1.38,0
83095    ,83.10,1.38,33.85742188
83161    ,83.16,1.39,28.59375
83228    ,83.23,1.39,36.41462054
83295    ,83.30,1.39,36.41462054
83361    ,83.36,1.39,18.34542411
83495    ,83.50,1.39,55.15136719
83561    ,83.56,1.39,35.36621094
83628    ,83.63,1.39,35.36621094
83695    ,83.70,1.39,32.58789063
83828    ,83.83,1.40,53.4765625
83895    ,83.90,1.40,53.4765625
83961    ,83.96,1.40,67.47070313
84028    ,84.03,1.40,56.59179688
84161    ,84.16,1.40,94.29199219
84228    ,84.23,1.40,94.29199219
84295    ,84.30,1.40,60.06835938
84361    ,84.36,1.41,52.86621094
84428    ,84.43,1.41,49.61425781
84495    ,84.50,1.41,73.3984375
84561    ,84.56,1.41,73.3984375
84628    ,84.63,1.41,53.1640625
84695    ,84.70,1.41,51.45996094
84896    ,84.90,1.41,29.48852539
84961    ,84.96,1.42,35.15625
85095    ,85.10,1.42,93.90136719
85161    ,85.16,1.42,93.90136719
85297    ,85.30,1.42,291.875
85496    ,85.50,1.42,95.49804688
85561    ,85.56,1.43,49.26269531
85696    ,85.70,1.43,29.05273438
85761    ,85.76,1.43,29.05273438
85828    ,85.83,1.43,36.9140625
85895    ,85.90,1.43,32.97851563
86096    ,86.10,1.43,50.65429688
86161    ,86.16,1.44,45.51757813
86296    ,86.30,1.44,957.890625
86361    ,86.36,1.44,957.890625
86496    ,86.50,1.44,37.36816406
86628    ,86.63,1.44,55.9375
86695    ,86.70,1.44,55.9375
86761    ,86.76,1.45,57.23632813
86828    ,86.83,1.45,54.24316406
86895    ,86.90,1.45,51.68457031
86961    ,86.96,1.45,51.68457031
87028    ,87.03,1.45,49.02832031
87096    ,87.10,1.45,52.13867188
87161    ,87.16,1.45,51.29882813
87228    ,87.23,1.45,52.68554688
87295    ,87.30,1.45,52.68554688
87428    ,87.43,1.46,61.91127232
87495    ,87.50,1.46,82.36941964
87561    ,87.56,1.46,82.36941964
87628    ,87.63,1.46,57.27050781
87695    ,87.70,1.46,56.54241071
87761    ,87.76,1.46,55.64453125
87828    ,87.83,1.46,73.59002976
87895    ,87.90,1.46,73.59002976
87961    ,87.96,1.47,54.18945313
88096    ,88.10,1.47,56.85546875
88161    ,88.16,1.47,56.85546875
88228    ,88.23,1.47,53.59375
88295    ,88.30,1.47,52.75878906
88361    ,88.36,1.47,53.73535156
88561    ,88.56,1.48,33.25195313
88696    ,88.70,1.48,33.828125
88761    ,88.76,1.48,34.35546875
88828    ,88.83,1.48,34.35546875
88961    ,88.96,1.48,90.09765625
89161    ,89.16,1.49,35.06835938
89295    ,89.30,1.49,290.234375
89496    ,89.50,1.49,58.53027344
89561    ,89.56,1.49,55.84960938
89628    ,89.63,1.49,55.24902344
89696    ,89.70,1.49,55.24902344
89761    ,89.76,1.50,54.0234375
89828    ,89.83,1.50,40.77148438
89895    ,89.90,1.50,29.71679688
90096    ,90.10,1.50,11.36914063
90228    ,90.23,1.50,95.02441406
90296    ,90.30,1.50,95.02441406
90428    ,90.43,1.51,30.91796875
90496    ,90.50,1.51,33.80371094
90697    ,90.70,1.51,1655.15625
90828    ,90.83,1.51,75.6547619
90896    ,90.90,1.51,53.94042969
90961    ,90.96,1.52,53.94042969
91028    ,91.03,1.52,56.46484375
91096    ,91.10,1.52,52.88574219
91161    ,91.16,1.52,56.41113281
91228    ,91.23,1.52,56.41113281
91296    ,91.30,1.52,35.13950893
91361    ,91.36,1.52,35.71777344
91496    ,91.50,1.52,55.62011719
91561    ,91.56,1.53,55.62011719
91696    ,91.70,1.53,51.10839844
91896    ,91.90,1.53,51.43554688
91961    ,91.96,1.53,50.625
92028    ,92.03,1.53,53.39355469
92095    ,92.10,1.53,52.09472656
92161    ,92.16,1.54,52.09472656
92296    ,92.30,1.54,36.92871094
92496    ,92.50,1.54,58.05175781
92628    ,92.63,1.54,233.4941406
92695    ,92.70,1.54,290.46875
92761    ,92.76,1.55,290.46875
92896    ,92.90,1.55,32.64648438
93028    ,93.03,1.55,54.16015625
93096    ,93.10,1.55,54.16015625
93161    ,93.16,1.55,55.18526786
93228    ,93.23,1.55,37.39746094
93428    ,93.43,1.56,376.875
93561    ,93.56,1.56,147.265625
93761    ,93.76,1.56,147.6953125
93895    ,93.90,1.56,89.2578125
93961    ,93.96,1.57,89.2578125
94096    ,94.10,1.57,586.015625
94228    ,94.23,1.57,73.68164063
94295    ,94.30,1.57,73.68164063
94361    ,94.36,1.57,75.3125
94428    ,94.43,1.57,54.07226563
94496    ,94.50,1.57,60.92773438
94561    ,94.56,1.58,55.60058594
94628    ,94.63,1.58,55.60058594
94695    ,94.70,1.58,63.28125
94761    ,94.76,1.58,81.24511719
94828    ,94.83,1.58,73.46484375
94896    ,94.90,1.58,73.46484375
94961    ,94.96,1.58,56.2890625
95096    ,95.10,1.58,147.6367188
95296    ,95.30,1.59,96.33091518
95428    ,95.43,1.59,57.08496094
95496    ,95.50,1.59,57.08496094
95561    ,95.56,1.59,35.15625
95628    ,95.63,1.59,33.45703125
95696    ,95.70,1.59,31.86035156
95895    ,95.90,1.60,299.6875
96028    ,96.03,1.60,140.703125
96096    ,96.10,1.60,140.703125
96228    ,96.23,1.60,61.66015625
96361    ,96.36,1.61,72.70019531
96428    ,96.43,1.61,72.70019531
96561    ,96.56,1.61,145.3125
96761    ,96.76,1.61,68.69628906
96828    ,96.83,1.61,90.94726563
96961    ,96.96,1.62,190.3645833
97028    ,97.03,1.62,190.3645833
97095    ,97.10,1.62,97.78076172
97228    ,97.23,1.62,235.6054688
97294    ,97.29,1.62,235.6054688
97428    ,97.43,1.62,108.5016741
97561    ,97.56,1.63,73.83231027
97628    ,97.63,1.63,73.83231027
97761    ,97.76,1.63,618.359375
97894    ,97.89,1.63,311.1523438
97961    ,97.96,1.63,311.1523438
98094    ,98.09,1.63,33.73046875
98294    ,98.29,1.64,36.31835938
98428    ,98.43,1.64,36.69433594
98628    ,98.63,1.64,57.87597656
98761    ,98.76,1.65,51.99707031
98829    ,98.83,1.65,51.99707031
98896    ,98.90,1.65,53.74023438
99028    ,99.03,1.65,83.01432292
99228    ,99.23,1.65,56.94824219
99295    ,99.30,1.65,56.45996094
99365    ,99.37,1.66,35.74107143
99561    ,99.56,1.66,55.64941406
99695    ,99.70,1.66,88.75
99761    ,99.76,1.66,88.75
99828    ,99.83,1.66,53.34960938
99894    ,99.89,1.66,50.57617188
99961    ,99.96,1.67,50.02148438
100028    ,100.03,1.67,49.75446429
100094    ,100.09,1.67,49.75446429
100161    ,100.16,1.67,31.90917969
100294    ,100.29,1.67,51.875
100361    ,100.36,1.67,51.875
100494    ,100.49,1.67,136.8098958
100561    ,100.56,1.68,111.25
100628    ,100.63,1.68,90.34667969
100694    ,100.69,1.68,90.34667969
100761    ,100.76,1.68,52.4609375
100828    ,100.83,1.68,63.29492188
101028    ,101.03,1.68,870.15625
101161    ,101.16,1.69,184.7753906
101361    ,101.36,1.69,138.1484375
101494    ,101.49,1.69,391.8164063
101694    ,101.69,1.69,100.7021949
101828    ,101.83,1.70,55.17578125
101894    ,101.89,1.70,55.17578125
101961    ,101.96,1.70,53.78417969
102094    ,102.09,1.70,41.57477679
102161    ,102.16,1.70,54.44335938
102228    ,102.23,1.70,54.44335938
102361    ,102.36,1.71,52.17285156
102428    ,102.43,1.71,49.38476563
102494    ,102.49,1.71,49.38476563
102561    ,102.56,1.71,31.15722656
102694    ,102.69,1.71,35.15625
102894    ,102.89,1.71,119.8177083
103028    ,103.03,1.72,48.73535156
103228    ,103.23,1.72,33.17382813
103295    ,103.30,1.72,38.19824219
103361    ,103.36,1.72,48.65722656
103428    ,103.43,1.72,48.65722656
103496    ,103.50,1.72,49.36523438
103628    ,103.63,1.73,79.80957031
103696    ,103.70,1.73,48.88183594
103761    ,103.76,1.73,48.88183594
103896    ,103.90,1.73,39.65820313
103961    ,103.96,1.73,45.546875
104028    ,104.03,1.73,45.546875
104095    ,104.10,1.73,53.56445313
104161    ,104.16,1.74,58.79101563
104228    ,104.23,1.74,43.29101563
104428    ,104.43,1.74,291.171875
104561    ,104.56,1.74,93.80533854
104628    ,104.63,1.74,93.80533854
104695    ,104.70,1.74,55.79101563
104828    ,104.83,1.75,754.296875
105028    ,105.03,1.75,782.03125
105161    ,105.16,1.75,367.265625
105228    ,105.23,1.75,367.265625
105361    ,105.36,1.76,55.5859375
105428    ,105.43,1.76,53.74197824
105628    ,105.63,1.76,54.74121094
105696    ,105.70,1.76,72.02636719
105828    ,105.83,1.76,292.734375
105896    ,105.90,1.76,292.734375
106028    ,106.03,1.77,55.60058594
106228    ,106.23,1.77,292.1875
106361    ,106.36,1.77,61.42089844
106561    ,106.56,1.78,52.80761719
106628    ,106.63,1.78,33.77929688
106697    ,106.70,1.78,35.29296875
106761    ,106.76,1.78,35.29296875
106828    ,106.83,1.78,34.84863281
106961    ,106.96,1.78,70.64941406
107028    ,107.03,1.78,50.15625
107096    ,107.10,1.78,50.15625
107161    ,107.16,1.79,62.2421875
107228    ,107.23,1.79,93.1640625
107297    ,107.30,1.79,63.40820313
107361    ,107.36,1.79,63.40820313
107428    ,107.43,1.79,84.75097656
107496    ,107.50,1.79,55.76660156
107561    ,107.56,1.79,36.00585938
107628    ,107.63,1.79,37.94921875
107696    ,107.70,1.79,37.94921875
107761    ,107.76,1.80,37.81738281
107897    ,107.90,1.80,56.75292969
107961    ,107.96,1.80,56.17675781
108028    ,108.03,1.80,56.17675781
108096    ,108.10,1.80,56.91894531
108161    ,108.16,1.80,57.22167969
108228    ,108.23,1.80,56.80664063
108296    ,108.30,1.80,56.80664063
108361    ,108.36,1.81,50.27213542
108428    ,108.43,1.81,56.9140625
108496    ,108.50,1.81,32.578125
108696    ,108.70,1.81,292.96875
108761    ,108.76,1.81,292.421875
108961    ,108.96,1.82,429.140625
109096    ,109.10,1.82,34.49707031
109296    ,109.30,1.82,99.33919271
109361    ,109.36,1.82,58.18191964
109561    ,109.56,1.83,59.81933594
109695    ,109.70,1.83,411.71875
109896    ,109.90,1.83,469.8828125
110028    ,110.03,1.83,39.3984375
110228    ,110.23,1.84,101.7740885
110296    ,110.30,1.84,85.28320313
110496    ,110.50,1.84,62.99316406
110628    ,110.63,1.84,70.546875
110828    ,110.83,1.85,103.9592634
110961    ,110.96,1.85,414.765625
111028    ,111.03,1.85,414.765625
111161    ,111.16,1.85,420.3125
111296    ,111.30,1.85,104.4270833
111361    ,111.36,1.86,104.4270833
111428    ,111.43,1.86,68.40332031
111496    ,111.50,1.86,56.75292969
111561    ,111.56,1.86,69.55078125
111628    ,111.63,1.86,69.55078125
111761    ,111.76,1.86,57.44140625
111828    ,111.83,1.86,45.89355469
112027    ,112.03,1.87,153.3125
112161    ,112.16,1.87,49.41064453
112228    ,112.23,1.87,43.71582031
112296    ,112.30,1.87,43.71582031
112428    ,112.43,1.87,44.98209635
112628    ,112.63,1.88,57.07477679
112761    ,112.76,1.88,400
112828    ,112.83,1.88,422.8125
112895    ,112.90,1.88,422.8125
112961    ,112.96,1.88,402.5
113028    ,113.03,1.88,405.9375
113095    ,113.10,1.88,407.265625
113161    ,113.16,1.89,407.265625
113296    ,113.30,1.89,410.078125
113361    ,113.36,1.89,411.5625
113428    ,113.43,1.89,404.21875
113496    ,113.50,1.89,404.21875
113628    ,113.63,1.89,58.59375
113696    ,113.70,1.89,58.41308594
113761    ,113.76,1.90,58.41308594
113828    ,113.83,1.90,42.78320313
113896    ,113.90,1.90,63.12988281
113961    ,113.96,1.90,46.57714844
114028    ,114.03,1.90,69.13574219
114096    ,114.10,1.90,69.13574219
114161    ,114.16,1.90,102.047526
114228    ,114.23,1.90,70.92773438
114296    ,114.30,1.90,43.57421875
114361    ,114.36,1.91,56.09375
114428    ,114.43,1.91,56.09375
114561    ,114.56,1.91,65.3125
114628    ,114.63,1.91,67.9296875
114695    ,114.70,1.91,67.9296875
114828    ,114.83,1.91,406.25
114896    ,114.90,1.91,247.2916667
115096    ,115.10,1.92,50.93261719
115228    ,115.23,1.92,59.14174107
115296    ,115.30,1.92,59.14174107
115428    ,115.43,1.92,43.33007813
115561    ,115.56,1.93,54.52636719
115628    ,115.63,1.93,54.52636719
115696    ,115.70,1.93,34.19433594
115828    ,115.83,1.93,48.50097656
115896    ,115.90,1.93,44.13574219
115961    ,115.96,1.93,44.13574219
116028    ,116.03,1.93,60.20507813
116095    ,116.10,1.93,44.99023438
116297    ,116.30,1.94,99.00878906
116361    ,116.36,1.94,102.8473772
116428    ,116.43,1.94,70.27622768
116495    ,116.50,1.94,93.58072917
116561    ,116.56,1.94,93.58072917
116628    ,116.63,1.94,58.17871094
116696    ,116.70,1.94,60.8203125
116761    ,116.76,1.95,57.36816406
116828    ,116.83,1.95,57.36816406
116961    ,116.96,1.95,53.16071429
117028    ,117.03,1.95,53.23730469
117228    ,117.23,1.95,44.53613281
117361    ,117.36,1.96,51.18164063
117428    ,117.43,1.96,51.18164063
117561    ,117.56,1.96,55.9375
117628    ,117.63,1.96,46.93526786
117696    ,117.70,1.96,66.22488839
117761    ,117.76,1.96,66.22488839
117828    ,117.83,1.96,58.33984375
117896    ,117.90,1.96,55.13183594
117961    ,117.96,1.97,43.125
118028    ,118.03,1.97,43.125
118095    ,118.10,1.97,39.30175781
118228    ,118.23,1.97,80.2890625
118428    ,118.43,1.97,56.19628906
118495    ,118.50,1.97,33.36914063
118628    ,118.63,1.98,349.609375
118695    ,118.70,1.98,349.609375
118828    ,118.83,1.98,49.02832031
118896    ,118.90,1.98,40.15625
118961    ,118.96,1.98,40.15625
119028    ,119.03,1.98,42.88085938
119096    ,119.10,1.98,45.10742188
119228    ,119.23,1.99,86.37760417
119296    ,119.30,1.99,86.37760417
119361    ,119.36,1.99,115.2357701
119496    ,119.50,1.99,32.37792969
119561    ,119.56,1.99,32.37792969
119695    ,119.70,1.99,35.41503906
119828    ,119.83,2.00,38.10058594
119896    ,119.90,2.00,38.10058594
119961    ,119.96,2.00,35.77636719
120028    ,120.03,2.00,38.11523438